Year,Age,Suicides,Age_group
1981,10,0,10-19
1981,11,0,10-19
1981,12,2,10-19
1981,13,2,10-19
1981,14,1,10-19
1981,15,20,10-19
1981,16,31,10-19
1981,17,36,10-19
1981,18,49,10-19
1981,19,56,10-19
1981,20,58,20-29
1981,21,58,20-29
1981,22,62,20-29
1981,23,89,20-29
1981,24,77,20-29
1981,25,72,20-29
1981,26,69,20-29
1981,27,84,20-29
1981,28,87,20-29
1981,29,96,20-29
1981,30,98,30-39
1981,31,92,30-39
1981,32,92,30-39
1981,33,84,30-39
1981,34,84,30-39
1981,35,90,30-39
1981,36,93,30-39
1981,37,85,30-39
1981,38,98,30-39
1981,39,68,30-39
1981,40,85,40-49
1981,41,81,40-49
1981,42,89,40-49
1981,43,97,40-49
1981,44,87,40-49
1981,45,98,40-49
1981,46,63,40-49
1981,47,98,40-49
1981,48,88,40-49
1981,49,107,40-49
1981,50,112,50-59
1981,51,116,50-59
1981,52,106,50-59
1981,53,103,50-59
1981,54,100,50-59
1981,55,110,50-59
1981,56,107,50-59
1981,57,110,50-59
1981,58,112,50-59
1981,59,118,50-59
1981,60,123,60-69
1981,61,122,60-69
1981,62,75,60-69
1981,63,75,60-69
1981,64,84,60-69
1981,65,90,60-69
1981,66,78,60-69
1981,67,109,60-69
1981,68,101,60-69
1981,69,86,60-69
1981,70,74,70-79
1981,71,80,70-79
1981,72,87,70-79
1981,73,89,70-79
1981,74,87,70-79
1981,75,79,70-79
1981,76,65,70-79
1981,77,57,70-79
1981,78,55,70-79
1981,79,47,70-79
1981,80,40,80-89
1981,81,45,80-89
1981,82,29,80-89
1981,83,26,80-89
1981,84,23,80-89
1981,85,23,80-89
1981,86,14,80-89
1981,87,12,80-89
1981,88,7,80-89
1981,89,7,80-89
1982,10,0,10-19
1982,11,0,10-19
1982,12,0,10-19
1982,13,4,10-19
1982,14,3,10-19
1982,15,10,10-19
1982,16,24,10-19
1982,17,30,10-19
1982,18,35,10-19
1982,19,52,10-19
1982,20,73,20-29
1982,21,60,20-29
1982,22,58,20-29
1982,23,68,20-29
1982,24,82,20-29
1982,25,71,20-29
1982,26,92,20-29
1982,27,80,20-29
1982,28,86,20-29
1982,29,85,20-29
1982,30,71,30-39
1982,31,81,30-39
1982,32,98,30-39
1982,33,77,30-39
1982,34,101,30-39
1982,35,106,30-39
1982,36,86,30-39
1982,37,91,30-39
1982,38,82,30-39
1982,39,80,30-39
1982,40,72,40-49
1982,41,91,40-49
1982,42,82,40-49
1982,43,80,40-49
1982,44,97,40-49
1982,45,91,40-49
1982,46,96,40-49
1982,47,86,40-49
1982,48,89,40-49
1982,49,118,40-49
1982,50,79,50-59
1982,51,96,50-59
1982,52,111,50-59
1982,53,101,50-59
1982,54,95,50-59
1982,55,110,50-59
1982,56,124,50-59
1982,57,110,50-59
1982,58,90,50-59
1982,59,112,50-59
1982,60,95,60-69
1982,61,102,60-69
1982,62,106,60-69
1982,63,72,60-69
1982,64,83,60-69
1982,65,79,60-69
1982,66,96,60-69
1982,67,103,60-69
1982,68,95,60-69
1982,69,79,60-69
1982,70,88,70-79
1982,71,73,70-79
1982,72,86,70-79
1982,73,84,70-79
1982,74,86,70-79
1982,75,71,70-79
1982,76,66,70-79
1982,77,62,70-79
1982,78,56,70-79
1982,79,44,70-79
1982,80,43,80-89
1982,81,47,80-89
1982,82,35,80-89
1982,83,26,80-89
1982,84,30,80-89
1982,85,21,80-89
1982,86,24,80-89
1982,87,14,80-89
1982,88,12,80-89
1982,89,9,80-89
1983,10,0,10-19
1983,11,0,10-19
1983,12,0,10-19
1983,13,4,10-19
1983,14,4,10-19
1983,15,10,10-19
1983,16,16,10-19
1983,17,26,10-19
1983,18,48,10-19
1983,19,56,10-19
1983,20,72,20-29
1983,21,75,20-29
1983,22,67,20-29
1983,23,54,20-29
1983,24,78,20-29
1983,25,68,20-29
1983,26,73,20-29
1983,27,83,20-29
1983,28,70,20-29
1983,29,81,20-29
1983,30,65,30-39
1983,31,81,30-39
1983,32,85,30-39
1983,33,86,30-39
1983,34,78,30-39
1983,35,110,30-39
1983,36,93,30-39
1983,37,99,30-39
1983,38,99,30-39
1983,39,93,30-39
1983,40,97,40-49
1983,41,83,40-49
1983,42,84,40-49
1983,43,86,40-49
1983,44,84,40-49
1983,45,104,40-49
1983,46,77,40-49
1983,47,92,40-49
1983,48,80,40-49
1983,49,93,40-49
1983,50,91,50-59
1983,51,97,50-59
1983,52,96,50-59
1983,53,102,50-59
1983,54,92,50-59
1983,55,115,50-59
1983,56,90,50-59
1983,57,106,50-59
1983,58,93,50-59
1983,59,92,50-59
1983,60,102,60-69
1983,61,102,60-69
1983,62,109,60-69
1983,63,125,60-69
1983,64,61,60-69
1983,65,62,60-69
1983,66,81,60-69
1983,67,100,60-69
1983,68,101,60-69
1983,69,73,60-69
1983,70,67,70-79
1983,71,80,70-79
1983,72,86,70-79
1983,73,92,70-79
1983,74,67,70-79
1983,75,75,70-79
1983,76,72,70-79
1983,77,57,70-79
1983,78,52,70-79
1983,79,62,70-79
1983,80,42,80-89
1983,81,41,80-89
1983,82,31,80-89
1983,83,28,80-89
1983,84,28,80-89
1983,85,21,80-89
1983,86,12,80-89
1983,87,19,80-89
1983,88,18,80-89
1983,89,7,80-89
1984,10,0,10-19
1984,11,0,10-19
1984,12,0,10-19
1984,13,1,10-19
1984,14,1,10-19
1984,15,16,10-19
1984,16,13,10-19
1984,17,35,10-19
1984,18,44,10-19
1984,19,56,10-19
1984,20,54,20-29
1984,21,78,20-29
1984,22,70,20-29
1984,23,52,20-29
1984,24,89,20-29
1984,25,84,20-29
1984,26,66,20-29
1984,27,69,20-29
1984,28,85,20-29
1984,29,82,20-29
1984,30,73,30-39
1984,31,67,30-39
1984,32,69,30-39
1984,33,96,30-39
1984,34,103,30-39
1984,35,95,30-39
1984,36,93,30-39
1984,37,118,30-39
1984,38,97,30-39
1984,39,104,30-39
1984,40,86,40-49
1984,41,98,40-49
1984,42,94,40-49
1984,43,84,40-49
1984,44,91,40-49
1984,45,124,40-49
1984,46,84,40-49
1984,47,87,40-49
1984,48,89,40-49
1984,49,103,40-49
1984,50,100,50-59
1984,51,76,50-59
1984,52,96,50-59
1984,53,107,50-59
1984,54,109,50-59
1984,55,93,50-59
1984,56,89,50-59
1984,57,110,50-59
1984,58,105,50-59
1984,59,91,50-59
1984,60,101,60-69
1984,61,101,60-69
1984,62,105,60-69
1984,63,100,60-69
1984,64,104,60-69
1984,65,79,60-69
1984,66,57,60-69
1984,67,66,60-69
1984,68,81,60-69
1984,69,81,60-69
1984,70,69,70-79
1984,71,79,70-79
1984,72,87,70-79
1984,73,82,70-79
1984,74,74,70-79
1984,75,78,70-79
1984,76,81,70-79
1984,77,54,70-79
1984,78,57,70-79
1984,79,43,70-79
1984,80,60,80-89
1984,81,42,80-89
1984,82,35,80-89
1984,83,34,80-89
1984,84,25,80-89
1984,85,14,80-89
1984,86,10,80-89
1984,87,14,80-89
1984,88,12,80-89
1984,89,12,80-89
1985,10,0,10-19
1985,11,0,10-19
1985,12,0,10-19
1985,13,2,10-19
1985,14,1,10-19
1985,15,8,10-19
1985,16,15,10-19
1985,17,35,10-19
1985,18,47,10-19
1985,19,66,10-19
1985,20,71,20-29
1985,21,79,20-29
1985,22,81,20-29
1985,23,93,20-29
1985,24,81,20-29
1985,25,86,20-29
1985,26,79,20-29
1985,27,72,20-29
1985,28,92,20-29
1985,29,83,20-29
1985,30,95,30-39
1985,31,88,30-39
1985,32,84,30-39
1985,33,100,30-39
1985,34,79,30-39
1985,35,97,30-39
1985,36,96,30-39
1985,37,97,30-39
1985,38,101,30-39
1985,39,86,30-39
1985,40,124,40-49
1985,41,93,40-49
1985,42,95,40-49
1985,43,88,40-49
1985,44,86,40-49
1985,45,102,40-49
1985,46,101,40-49
1985,47,89,40-49
1985,48,96,40-49
1985,49,99,40-49
1985,50,85,50-59
1985,51,86,50-59
1985,52,88,50-59
1985,53,104,50-59
1985,54,101,50-59
1985,55,106,50-59
1985,56,97,50-59
1985,57,95,50-59
1985,58,101,50-59
1985,59,102,50-59
1985,60,101,60-69
1985,61,114,60-69
1985,62,97,60-69
1985,63,115,60-69
1985,64,101,60-69
1985,65,110,60-69
1985,66,88,60-69
1985,67,86,60-69
1985,68,77,60-69
1985,69,77,60-69
1985,70,72,70-79
1985,71,86,70-79
1985,72,77,70-79
1985,73,83,70-79
1985,74,84,70-79
1985,75,76,70-79
1985,76,76,70-79
1985,77,52,70-79
1985,78,52,70-79
1985,79,73,70-79
1985,80,51,80-89
1985,81,50,80-89
1985,82,36,80-89
1985,83,41,80-89
1985,84,24,80-89
1985,85,23,80-89
1985,86,20,80-89
1985,87,11,80-89
1985,88,11,80-89
1985,89,6,80-89
1986,10,0,10-19
1986,11,0,10-19
1986,12,0,10-19
1986,13,1,10-19
1986,14,2,10-19
1986,15,17,10-19
1986,16,17,10-19
1986,17,34,10-19
1986,18,55,10-19
1986,19,61,10-19
1986,20,86,20-29
1986,21,80,20-29
1986,22,95,20-29
1986,23,102,20-29
1986,24,74,20-29
1986,25,73,20-29
1986,26,101,20-29
1986,27,96,20-29
1986,28,89,20-29
1986,29,77,20-29
1986,30,77,30-39
1986,31,76,30-39
1986,32,94,30-39
1986,33,91,30-39
1986,34,91,30-39
1986,35,89,30-39
1986,36,71,30-39
1986,37,97,30-39
1986,38,103,30-39
1986,39,124,30-39
1986,40,97,40-49
1986,41,78,40-49
1986,42,93,40-49
1986,43,93,40-49
1986,44,80,40-49
1986,45,88,40-49
1986,46,89,40-49
1986,47,79,40-49
1986,48,95,40-49
1986,49,86,40-49
1986,50,97,50-59
1986,51,84,50-59
1986,52,93,50-59
1986,53,102,50-59
1986,54,89,50-59
1986,55,79,50-59
1986,56,82,50-59
1986,57,89,50-59
1986,58,92,50-59
1986,59,91,50-59
1986,60,95,60-69
1986,61,90,60-69
1986,62,104,60-69
1986,63,109,60-69
1986,64,83,60-69
1986,65,113,60-69
1986,66,108,60-69
1986,67,62,60-69
1986,68,59,60-69
1986,69,64,60-69
1986,70,85,70-79
1986,71,84,70-79
1986,72,81,70-79
1986,73,71,70-79
1986,74,72,70-79
1986,75,79,70-79
1986,76,89,70-79
1986,77,63,70-79
1986,78,62,70-79
1986,79,44,70-79
1986,80,45,80-89
1986,81,50,80-89
1986,82,53,80-89
1986,83,41,80-89
1986,84,23,80-89
1986,85,23,80-89
1986,86,22,80-89
1986,87,10,80-89
1986,88,6,80-89
1986,89,6,80-89
1987,10,0,10-19
1987,11,1,10-19
1987,12,0,10-19
1987,13,1,10-19
1987,14,4,10-19
1987,15,14,10-19
1987,16,28,10-19
1987,17,40,10-19
1987,18,62,10-19
1987,19,64,10-19
1987,20,98,20-29
1987,21,99,20-29
1987,22,101,20-29
1987,23,89,20-29
1987,24,93,20-29
1987,25,98,20-29
1987,26,96,20-29
1987,27,88,20-29
1987,28,86,20-29
1987,29,71,20-29
1987,30,97,30-39
1987,31,97,30-39
1987,32,81,30-39
1987,33,106,30-39
1987,34,82,30-39
1987,35,81,30-39
1987,36,95,30-39
1987,37,90,30-39
1987,38,93,30-39
1987,39,105,30-39
1987,40,107,40-49
1987,41,85,40-49
1987,42,98,40-49
1987,43,97,40-49
1987,44,89,40-49
1987,45,88,40-49
1987,46,97,40-49
1987,47,95,40-49
1987,48,89,40-49
1987,49,86,40-49
1987,50,101,50-59
1987,51,73,50-59
1987,52,69,50-59
1987,53,70,50-59
1987,54,83,50-59
1987,55,71,50-59
1987,56,87,50-59
1987,57,80,50-59
1987,58,75,50-59
1987,59,105,50-59
1987,60,86,60-69
1987,61,86,60-69
1987,62,102,60-69
1987,63,102,60-69
1987,64,71,60-69
1987,65,87,60-69
1987,66,101,60-69
1987,67,72,60-69
1987,68,68,60-69
1987,69,62,60-69
1987,70,68,70-79
1987,71,72,70-79
1987,72,74,70-79
1987,73,52,70-79
1987,74,66,70-79
1987,75,72,70-79
1987,76,62,70-79
1987,77,45,70-79
1987,78,37,70-79
1987,79,36,70-79
1987,80,55,80-89
1987,81,43,80-89
1987,82,35,80-89
1987,83,31,80-89
1987,84,33,80-89
1987,85,20,80-89
1987,86,23,80-89
1987,87,14,80-89
1987,88,14,80-89
1987,89,11,80-89
1988,10,0,10-19
1988,11,0,10-19
1988,12,1,10-19
1988,13,1,10-19
1988,14,2,10-19
1988,15,24,10-19
1988,16,18,10-19
1988,17,50,10-19
1988,18,69,10-19
1988,19,73,10-19
1988,20,113,20-29
1988,21,103,20-29
1988,22,101,20-29
1988,23,116,20-29
1988,24,102,20-29
1988,25,96,20-29
1988,26,107,20-29
1988,27,104,20-29
1988,28,91,20-29
1988,29,88,20-29
1988,30,97,30-39
1988,31,109,30-39
1988,32,96,30-39
1988,33,102,30-39
1988,34,105,30-39
1988,35,103,30-39
1988,36,117,30-39
1988,37,107,30-39
1988,38,93,30-39
1988,39,126,30-39
1988,40,112,40-49
1988,41,111,40-49
1988,42,115,40-49
1988,43,96,40-49
1988,44,113,40-49
1988,45,90,40-49
1988,46,76,40-49
1988,47,73,40-49
1988,48,89,40-49
1988,49,81,40-49
1988,50,95,50-59
1988,51,83,50-59
1988,52,85,50-59
1988,53,85,50-59
1988,54,74,50-59
1988,55,77,50-59
1988,56,81,50-59
1988,57,84,50-59
1988,58,99,50-59
1988,59,75,50-59
1988,60,69,60-69
1988,61,67,60-69
1988,62,96,60-69
1988,63,79,60-69
1988,64,73,60-69
1988,65,75,60-69
1988,66,83,60-69
1988,67,99,60-69
1988,68,79,60-69
1988,69,58,60-69
1988,70,58,70-79
1988,71,62,70-79
1988,72,72,70-79
1988,73,72,70-79
1988,74,76,70-79
1988,75,66,70-79
1988,76,72,70-79
1988,77,69,70-79
1988,78,54,70-79
1988,79,73,70-79
1988,80,54,80-89
1988,81,58,80-89
1988,82,35,80-89
1988,83,53,80-89
1988,84,32,80-89
1988,85,28,80-89
1988,86,28,80-89
1988,87,20,80-89
1988,88,14,80-89
1988,89,10,80-89
1989,10,0,10-19
1989,11,0,10-19
1989,12,0,10-19
1989,13,0,10-19
1989,14,1,10-19
1989,15,8,10-19
1989,16,28,10-19
1989,17,37,10-19
1989,18,63,10-19
1989,19,76,10-19
1989,20,71,20-29
1989,21,102,20-29
1989,22,102,20-29
1989,23,97,20-29
1989,24,133,20-29
1989,25,117,20-29
1989,26,94,20-29
1989,27,99,20-29
1989,28,101,20-29
1989,29,106,20-29
1989,30,88,30-39
1989,31,109,30-39
1989,32,96,30-39
1989,33,99,30-39
1989,34,89,30-39
1989,35,98,30-39
1989,36,96,30-39
1989,37,90,30-39
1989,38,87,30-39
1989,39,96,30-39
1989,40,100,40-49
1989,41,97,40-49
1989,42,94,40-49
1989,43,95,40-49
1989,44,89,40-49
1989,45,97,40-49
1989,46,94,40-49
1989,47,81,40-49
1989,48,78,40-49
1989,49,58,40-49
1989,50,77,50-59
1989,51,87,50-59
1989,52,68,50-59
1989,53,88,50-59
1989,54,71,50-59
1989,55,83,50-59
1989,56,87,50-59
1989,57,73,50-59
1989,58,75,50-59
1989,59,71,50-59
1989,60,69,60-69
1989,61,56,60-69
1989,62,60,60-69
1989,63,68,60-69
1989,64,64,60-69
1989,65,85,60-69
1989,66,61,60-69
1989,67,53,60-69
1989,68,64,60-69
1989,69,70,60-69
1989,70,41,70-79
1989,71,44,70-79
1989,72,57,70-79
1989,73,48,70-79
1989,74,46,70-79
1989,75,73,70-79
1989,76,53,70-79
1989,77,44,70-79
1989,78,63,70-79
1989,79,40,70-79
1989,80,47,80-89
1989,81,44,80-89
1989,82,41,80-89
1989,83,26,80-89
1989,84,25,80-89
1989,85,28,80-89
1989,86,22,80-89
1989,87,16,80-89
1989,88,9,80-89
1989,89,16,80-89
1990,10,0,10-19
1990,11,0,10-19
1990,12,0,10-19
1990,13,0,10-19
1990,14,2,10-19
1990,15,13,10-19
1990,16,16,10-19
1990,17,32,10-19
1990,18,62,10-19
1990,19,70,10-19
1990,20,82,20-29
1990,21,102,20-29
1990,22,112,20-29
1990,23,140,20-29
1990,24,116,20-29
1990,25,128,20-29
1990,26,120,20-29
1990,27,123,20-29
1990,28,110,20-29
1990,29,118,20-29
1990,30,105,30-39
1990,31,92,30-39
1990,32,98,30-39
1990,33,84,30-39
1990,34,94,30-39
1990,35,110,30-39
1990,36,97,30-39
1990,37,109,30-39
1990,38,103,30-39
1990,39,90,30-39
1990,40,120,40-49
1990,41,100,40-49
1990,42,122,40-49
1990,43,127,40-49
1990,44,81,40-49
1990,45,99,40-49
1990,46,110,40-49
1990,47,88,40-49
1990,48,83,40-49
1990,49,80,40-49
1990,50,78,50-59
1990,51,89,50-59
1990,52,70,50-59
1990,53,82,50-59
1990,54,68,50-59
1990,55,76,50-59
1990,56,82,50-59
1990,57,58,50-59
1990,58,68,50-59
1990,59,59,50-59
1990,60,59,60-69
1990,61,67,60-69
1990,62,58,60-69
1990,63,67,60-69
1990,64,70,60-69
1990,65,66,60-69
1990,66,66,60-69
1990,67,60,60-69
1990,68,76,60-69
1990,69,72,60-69
1990,70,64,70-79
1990,71,36,70-79
1990,72,46,70-79
1990,73,55,70-79
1990,74,55,70-79
1990,75,54,70-79
1990,76,49,70-79
1990,77,52,70-79
1990,78,47,70-79
1990,79,41,70-79
1990,80,43,80-89
1990,81,37,80-89
1990,82,34,80-89
1990,83,30,80-89
1990,84,31,80-89
1990,85,29,80-89
1990,86,32,80-89
1990,87,15,80-89
1990,88,10,80-89
1990,89,13,80-89
1991,10,0,10-19
1991,11,0,10-19
1991,12,2,10-19
1991,13,0,10-19
1991,14,1,10-19
1991,15,13,10-19
1991,16,19,10-19
1991,17,40,10-19
1991,18,52,10-19
1991,19,76,10-19
1991,20,66,20-29
1991,21,93,20-29
1991,22,93,20-29
1991,23,134,20-29
1991,24,124,20-29
1991,25,124,20-29
1991,26,122,20-29
1991,27,110,20-29
1991,28,106,20-29
1991,29,111,20-29
1991,30,111,30-39
1991,31,124,30-39
1991,32,110,30-39
1991,33,98,30-39
1991,34,113,30-39
1991,35,111,30-39
1991,36,113,30-39
1991,37,93,30-39
1991,38,110,30-39
1991,39,99,30-39
1991,40,122,40-49
1991,41,104,40-49
1991,42,123,40-49
1991,43,107,40-49
1991,44,108,40-49
1991,45,120,40-49
1991,46,107,40-49
1991,47,114,40-49
1991,48,79,40-49
1991,49,88,40-49
1991,50,89,50-59
1991,51,75,50-59
1991,52,93,50-59
1991,53,66,50-59
1991,54,70,50-59
1991,55,77,50-59
1991,56,59,50-59
1991,57,65,50-59
1991,58,66,50-59
1991,59,66,50-59
1991,60,61,60-69
1991,61,66,60-69
1991,62,49,60-69
1991,63,64,60-69
1991,64,51,60-69
1991,65,53,60-69
1991,66,52,60-69
1991,67,65,60-69
1991,68,62,60-69
1991,69,48,60-69
1991,70,57,70-79
1991,71,51,70-79
1991,72,33,70-79
1991,73,36,70-79
1991,74,43,70-79
1991,75,50,70-79
1991,76,45,70-79
1991,77,49,70-79
1991,78,39,70-79
1991,79,35,70-79
1991,80,53,80-89
1991,81,33,80-89
1991,82,35,80-89
1991,83,30,80-89
1991,84,26,80-89
1991,85,28,80-89
1991,86,26,80-89
1991,87,14,80-89
1991,88,14,80-89
1991,89,11,80-89
1992,10,0,10-19
1992,11,0,10-19
1992,12,0,10-19
1992,13,0,10-19
1992,14,1,10-19
1992,15,9,10-19
1992,16,13,10-19
1992,17,24,10-19
1992,18,47,10-19
1992,19,71,10-19
1992,20,82,20-29
1992,21,95,20-29
1992,22,102,20-29
1992,23,119,20-29
1992,24,131,20-29
1992,25,102,20-29
1992,26,119,20-29
1992,27,120,20-29
1992,28,137,20-29
1992,29,107,20-29
1992,30,103,30-39
1992,31,113,30-39
1992,32,103,30-39
1992,33,113,30-39
1992,34,100,30-39
1992,35,108,30-39
1992,36,91,30-39
1992,37,100,30-39
1992,38,113,30-39
1992,39,95,30-39
1992,40,99,40-49
1992,41,113,40-49
1992,42,111,40-49
1992,43,101,40-49
1992,44,113,40-49
1992,45,92,40-49
1992,46,126,40-49
1992,47,118,40-49
1992,48,98,40-49
1992,49,101,40-49
1992,50,72,50-59
1992,51,71,50-59
1992,52,100,50-59
1992,53,83,50-59
1992,54,59,50-59
1992,55,68,50-59
1992,56,70,50-59
1992,57,73,50-59
1992,58,70,50-59
1992,59,59,50-59
1992,60,69,60-69
1992,61,52,60-69
1992,62,50,60-69
1992,63,63,60-69
1992,64,82,60-69
1992,65,55,60-69
1992,66,62,60-69
1992,67,48,60-69
1992,68,56,60-69
1992,69,59,60-69
1992,70,67,70-79
1992,71,61,70-79
1992,72,56,70-79
1992,73,54,70-79
1992,74,42,70-79
1992,75,40,70-79
1992,76,41,70-79
1992,77,43,70-79
1992,78,41,70-79
1992,79,32,70-79
1992,80,41,80-89
1992,81,33,80-89
1992,82,28,80-89
1992,83,32,80-89
1992,84,29,80-89
1992,85,21,80-89
1992,86,15,80-89
1992,87,12,80-89
1992,88,13,80-89
1992,89,11,80-89
1993,10,0,10-19
1993,11,1,10-19
1993,12,0,10-19
1993,13,1,10-19
1993,14,2,10-19
1993,15,8,10-19
1993,16,17,10-19
1993,17,30,10-19
1993,18,47,10-19
1993,19,47,10-19
1993,20,112,20-29
1993,21,109,20-29
1993,22,115,20-29
1993,23,89,20-29
1993,24,106,20-29
1993,25,113,20-29
1993,26,111,20-29
1993,27,110,20-29
1993,28,113,20-29
1993,29,111,20-29
1993,30,106,30-39
1993,31,103,30-39
1993,32,89,30-39
1993,33,107,30-39
1993,34,96,30-39
1993,35,98,30-39
1993,36,97,30-39
1993,37,82,30-39
1993,38,111,30-39
1993,39,85,30-39
1993,40,105,40-49
1993,41,98,40-49
1993,42,109,40-49
1993,43,98,40-49
1993,44,98,40-49
1993,45,113,40-49
1993,46,112,40-49
1993,47,94,40-49
1993,48,87,40-49
1993,49,102,40-49
1993,50,81,50-59
1993,51,79,50-59
1993,52,71,50-59
1993,53,82,50-59
1993,54,58,50-59
1993,55,78,50-59
1993,56,72,50-59
1993,57,61,50-59
1993,58,75,50-59
1993,59,50,50-59
1993,60,47,60-69
1993,61,50,60-69
1993,62,56,60-69
1993,63,56,60-69
1993,64,44,60-69
1993,65,44,60-69
1993,66,48,60-69
1993,67,60,60-69
1993,68,61,60-69
1993,69,60,60-69
1993,70,39,70-79
1993,71,46,70-79
1993,72,46,70-79
1993,73,41,70-79
1993,74,44,70-79
1993,75,39,70-79
1993,76,44,70-79
1993,77,36,70-79
1993,78,26,70-79
1993,79,49,70-79
1993,80,35,80-89
1993,81,34,80-89
1993,82,35,80-89
1993,83,31,80-89
1993,84,28,80-89
1993,85,27,80-89
1993,86,21,80-89
1993,87,19,80-89
1993,88,17,80-89
1993,89,14,80-89
1994,10,0,10-19
1994,11,0,10-19
1994,12,1,10-19
1994,13,3,10-19
1994,14,5,10-19
1994,15,8,10-19
1994,16,20,10-19
1994,17,33,10-19
1994,18,31,10-19
1994,19,49,10-19
1994,20,63,20-29
1994,21,95,20-29
1994,22,109,20-29
1994,23,101,20-29
1994,24,116,20-29
1994,25,110,20-29
1994,26,134,20-29
1994,27,112,20-29
1994,28,116,20-29
1994,29,122,20-29
1994,30,124,30-39
1994,31,128,30-39
1994,32,101,30-39
1994,33,130,30-39
1994,34,110,30-39
1994,35,92,30-39
1994,36,89,30-39
1994,37,95,30-39
1994,38,90,30-39
1994,39,90,30-39
1994,40,81,40-49
1994,41,102,40-49
1994,42,79,40-49
1994,43,89,40-49
1994,44,93,40-49
1994,45,81,40-49
1994,46,97,40-49
1994,47,80,40-49
1994,48,80,40-49
1994,49,83,40-49
1994,50,82,50-59
1994,51,77,50-59
1994,52,67,50-59
1994,53,81,50-59
1994,54,72,50-59
1994,55,57,50-59
1994,56,62,50-59
1994,57,63,50-59
1994,58,54,50-59
1994,59,51,50-59
1994,60,49,60-69
1994,61,68,60-69
1994,62,52,60-69
1994,63,48,60-69
1994,64,56,60-69
1994,65,44,60-69
1994,66,53,60-69
1994,67,61,60-69
1994,68,47,60-69
1994,69,42,60-69
1994,70,54,70-79
1994,71,48,70-79
1994,72,39,70-79
1994,73,48,70-79
1994,74,53,70-79
1994,75,28,70-79
1994,76,40,70-79
1994,77,39,70-79
1994,78,31,70-79
1994,79,43,70-79
1994,80,51,80-89
1994,81,36,80-89
1994,82,30,80-89
1994,83,37,80-89
1994,84,24,80-89
1994,85,34,80-89
1994,86,24,80-89
1994,87,23,80-89
1994,88,12,80-89
1994,89,19,80-89
1995,10,0,10-19
1995,11,0,10-19
1995,12,0,10-19
1995,13,1,10-19
1995,14,4,10-19
1995,15,7,10-19
1995,16,15,10-19
1995,17,21,10-19
1995,18,40,10-19
1995,19,62,10-19
1995,20,76,20-29
1995,21,93,20-29
1995,22,83,20-29
1995,23,102,20-29
1995,24,99,20-29
1995,25,100,20-29
1995,26,112,20-29
1995,27,143,20-29
1995,28,113,20-29
1995,29,125,20-29
1995,30,119,30-39
1995,31,102,30-39
1995,32,131,30-39
1995,33,123,30-39
1995,34,101,30-39
1995,35,112,30-39
1995,36,93,30-39
1995,37,102,30-39
1995,38,100,30-39
1995,39,105,30-39
1995,40,115,40-49
1995,41,122,40-49
1995,42,101,40-49
1995,43,109,40-49
1995,44,107,40-49
1995,45,107,40-49
1995,46,75,40-49
1995,47,99,40-49
1995,48,77,40-49
1995,49,89,40-49
1995,50,84,50-59
1995,51,86,50-59
1995,52,74,50-59
1995,53,83,50-59
1995,54,62,50-59
1995,55,62,50-59
1995,56,86,50-59
1995,57,64,50-59
1995,58,49,50-59
1995,59,51,50-59
1995,60,59,60-69
1995,61,57,60-69
1995,62,42,60-69
1995,63,55,60-69
1995,64,42,60-69
1995,65,49,60-69
1995,66,35,60-69
1995,67,47,60-69
1995,68,43,60-69
1995,69,43,60-69
1995,70,36,70-79
1995,71,43,70-79
1995,72,44,70-79
1995,73,48,70-79
1995,74,31,70-79
1995,75,35,70-79
1995,76,28,70-79
1995,77,30,70-79
1995,78,48,70-79
1995,79,38,70-79
1995,80,42,80-89
1995,81,30,80-89
1995,82,30,80-89
1995,83,30,80-89
1995,84,25,80-89
1995,85,22,80-89
1995,86,20,80-89
1995,87,16,80-89
1995,88,20,80-89
1995,89,14,80-89
1996,10,0,10-19
1996,11,0,10-19
1996,12,0,10-19
1996,13,2,10-19
1996,14,1,10-19
1996,15,13,10-19
1996,16,21,10-19
1996,17,23,10-19
1996,18,63,10-19
1996,19,49,10-19
1996,20,51,20-29
1996,21,76,20-29
1996,22,78,20-29
1996,23,93,20-29
1996,24,92,20-29
1996,25,100,20-29
1996,26,115,20-29
1996,27,106,20-29
1996,28,128,20-29
1996,29,103,20-29
1996,30,122,30-39
1996,31,130,30-39
1996,32,150,30-39
1996,33,110,30-39
1996,34,121,30-39
1996,35,89,30-39
1996,36,97,30-39
1996,37,97,30-39
1996,38,102,30-39
1996,39,92,30-39
1996,40,108,40-49
1996,41,100,40-49
1996,42,94,40-49
1996,43,95,40-49
1996,44,83,40-49
1996,45,103,40-49
1996,46,92,40-49
1996,47,84,40-49
1996,48,95,40-49
1996,49,103,40-49
1996,50,79,50-59
1996,51,75,50-59
1996,52,73,50-59
1996,53,55,50-59
1996,54,61,50-59
1996,55,60,50-59
1996,56,63,50-59
1996,57,69,50-59
1996,58,60,50-59
1996,59,45,50-59
1996,60,43,60-69
1996,61,44,60-69
1996,62,39,60-69
1996,63,38,60-69
1996,64,46,60-69
1996,65,48,60-69
1996,66,32,60-69
1996,67,43,60-69
1996,68,39,60-69
1996,69,37,60-69
1996,70,43,70-79
1996,71,42,70-79
1996,72,50,70-79
1996,73,44,70-79
1996,74,48,70-79
1996,75,48,70-79
1996,76,33,70-79
1996,77,30,70-79
1996,78,23,70-79
1996,79,35,70-79
1996,80,42,80-89
1996,81,24,80-89
1996,82,27,80-89
1996,83,37,80-89
1996,84,25,80-89
1996,85,16,80-89
1996,86,22,80-89
1996,87,25,80-89
1996,88,21,80-89
1996,89,8,80-89
1997,10,0,10-19
1997,11,0,10-19
1997,12,0,10-19
1997,13,0,10-19
1997,14,2,10-19
1997,15,10,10-19
1997,16,28,10-19
1997,17,26,10-19
1997,18,48,10-19
1997,19,58,10-19
1997,20,73,20-29
1997,21,89,20-29
1997,22,80,20-29
1997,23,75,20-29
1997,24,103,20-29
1997,25,114,20-29
1997,26,105,20-29
1997,27,107,20-29
1997,28,108,20-29
1997,29,108,20-29
1997,30,109,30-39
1997,31,119,30-39
1997,32,111,30-39
1997,33,126,30-39
1997,34,104,30-39
1997,35,110,30-39
1997,36,91,30-39
1997,37,106,30-39
1997,38,94,30-39
1997,39,105,30-39
1997,40,87,40-49
1997,41,89,40-49
1997,42,84,40-49
1997,43,91,40-49
1997,44,85,40-49
1997,45,91,40-49
1997,46,88,40-49
1997,47,96,40-49
1997,48,99,40-49
1997,49,108,40-49
1997,50,95,50-59
1997,51,73,50-59
1997,52,70,50-59
1997,53,77,50-59
1997,54,60,50-59
1997,55,45,50-59
1997,56,59,50-59
1997,57,70,50-59
1997,58,61,50-59
1997,59,52,50-59
1997,60,46,60-69
1997,61,62,60-69
1997,62,35,60-69
1997,63,41,60-69
1997,64,46,60-69
1997,65,36,60-69
1997,66,52,60-69
1997,67,41,60-69
1997,68,29,60-69
1997,69,36,60-69
1997,70,31,70-79
1997,71,39,70-79
1997,72,40,70-79
1997,73,38,70-79
1997,74,47,70-79
1997,75,40,70-79
1997,76,39,70-79
1997,77,28,70-79
1997,78,28,70-79
1997,79,25,70-79
1997,80,25,80-89
1997,81,30,80-89
1997,82,24,80-89
1997,83,27,80-89
1997,84,20,80-89
1997,85,21,80-89
1997,86,21,80-89
1997,87,18,80-89
1997,88,16,80-89
1997,89,13,80-89
1998,10,0,10-19
1998,11,0,10-19
1998,12,0,10-19
1998,13,2,10-19
1998,14,5,10-19
1998,15,8,10-19
1998,16,24,10-19
1998,17,44,10-19
1998,18,46,10-19
1998,19,72,10-19
1998,20,69,20-29
1998,21,80,20-29
1998,22,91,20-29
1998,23,107,20-29
1998,24,110,20-29
1998,25,97,20-29
1998,26,148,20-29
1998,27,119,20-29
1998,28,130,20-29
1998,29,138,20-29
1998,30,150,30-39
1998,31,147,30-39
1998,32,140,30-39
1998,33,154,30-39
1998,34,128,30-39
1998,35,134,30-39
1998,36,107,30-39
1998,37,100,30-39
1998,38,107,30-39
1998,39,106,30-39
1998,40,112,40-49
1998,41,101,40-49
1998,42,78,40-49
1998,43,97,40-49
1998,44,106,40-49
1998,45,97,40-49
1998,46,103,40-49
1998,47,104,40-49
1998,48,84,40-49
1998,49,96,40-49
1998,50,106,50-59
1998,51,84,50-59
1998,52,83,50-59
1998,53,74,50-59
1998,54,88,50-59
1998,55,79,50-59
1998,56,59,50-59
1998,57,55,50-59
1998,58,65,50-59
1998,59,56,50-59
1998,60,60,60-69
1998,61,53,60-69
1998,62,35,60-69
1998,63,51,60-69
1998,64,41,60-69
1998,65,49,60-69
1998,66,40,60-69
1998,67,45,60-69
1998,68,49,60-69
1998,69,49,60-69
1998,70,32,70-79
1998,71,23,70-79
1998,72,40,70-79
1998,73,37,70-79
1998,74,30,70-79
1998,75,37,70-79
1998,76,41,70-79
1998,77,46,70-79
1998,78,40,70-79
1998,79,20,70-79
1998,80,20,80-89
1998,81,20,80-89
1998,82,27,80-89
1998,83,31,80-89
1998,84,19,80-89
1998,85,15,80-89
1998,86,20,80-89
1998,87,13,80-89
1998,88,13,80-89
1998,89,14,80-89
1999,10,0,10-19
1999,11,0,10-19
1999,12,0,10-19
1999,13,1,10-19
1999,14,1,10-19
1999,15,6,10-19
1999,16,18,10-19
1999,17,42,10-19
1999,18,53,10-19
1999,19,55,10-19
1999,20,47,20-29
1999,21,68,20-29
1999,22,78,20-29
1999,23,93,20-29
1999,24,90,20-29
1999,25,91,20-29
1999,26,93,20-29
1999,27,129,20-29
1999,28,131,20-29
1999,29,120,20-29
1999,30,128,30-39
1999,31,110,30-39
1999,32,134,30-39
1999,33,137,30-39
1999,34,132,30-39
1999,35,153,30-39
1999,36,120,30-39
1999,37,121,30-39
1999,38,116,30-39
1999,39,97,30-39
1999,40,104,40-49
1999,41,106,40-49
1999,42,92,40-49
1999,43,110,40-49
1999,44,96,40-49
1999,45,104,40-49
1999,46,87,40-49
1999,47,101,40-49
1999,48,76,40-49
1999,49,95,40-49
1999,50,99,50-59
1999,51,81,50-59
1999,52,104,50-59
1999,53,73,50-59
1999,54,80,50-59
1999,55,76,50-59
1999,56,81,50-59
1999,57,57,50-59
1999,58,48,50-59
1999,59,56,50-59
1999,60,58,60-69
1999,61,48,60-69
1999,62,39,60-69
1999,63,54,60-69
1999,64,56,60-69
1999,65,45,60-69
1999,66,42,60-69
1999,67,51,60-69
1999,68,39,60-69
1999,69,46,60-69
1999,70,40,70-79
1999,71,42,70-79
1999,72,36,70-79
1999,73,43,70-79
1999,74,45,70-79
1999,75,42,70-79
1999,76,35,70-79
1999,77,38,70-79
1999,78,43,70-79
1999,79,44,70-79
1999,80,23,80-89
1999,81,22,80-89
1999,82,26,80-89
1999,83,33,80-89
1999,84,20,80-89
1999,85,23,80-89
1999,86,26,80-89
1999,87,30,80-89
1999,88,14,80-89
1999,89,8,80-89
2000,10,0,10-19
2000,11,0,10-19
2000,12,0,10-19
2000,13,0,10-19
2000,14,1,10-19
2000,15,17,10-19
2000,16,16,10-19
2000,17,24,10-19
2000,18,58,10-19
2000,19,54,10-19
2000,20,72,20-29
2000,21,69,20-29
2000,22,79,20-29
2000,23,89,20-29
2000,24,77,20-29
2000,25,86,20-29
2000,26,81,20-29
2000,27,119,20-29
2000,28,127,20-29
2000,29,124,20-29
2000,30,104,30-39
2000,31,122,30-39
2000,32,117,30-39
2000,33,136,30-39
2000,34,108,30-39
2000,35,115,30-39
2000,36,138,30-39
2000,37,124,30-39
2000,38,126,30-39
2000,39,110,30-39
2000,40,102,40-49
2000,41,104,40-49
2000,42,95,40-49
2000,43,94,40-49
2000,44,83,40-49
2000,45,100,40-49
2000,46,100,40-49
2000,47,100,40-49
2000,48,87,40-49
2000,49,94,40-49
2000,50,104,50-59
2000,51,83,50-59
2000,52,75,50-59
2000,53,93,50-59
2000,54,75,50-59
2000,55,62,50-59
2000,56,80,50-59
2000,57,74,50-59
2000,58,62,50-59
2000,59,61,50-59
2000,60,51,60-69
2000,61,38,60-69
2000,62,44,60-69
2000,63,39,60-69
2000,64,47,60-69
2000,65,44,60-69
2000,66,41,60-69
2000,67,49,60-69
2000,68,38,60-69
2000,69,33,60-69
2000,70,46,70-79
2000,71,34,70-79
2000,72,33,70-79
2000,73,46,70-79
2000,74,42,70-79
2000,75,35,70-79
2000,76,32,70-79
2000,77,31,70-79
2000,78,46,70-79
2000,79,31,70-79
2000,80,21,80-89
2000,81,24,80-89
2000,82,20,80-89
2000,83,24,80-89
2000,84,23,80-89
2000,85,24,80-89
2000,86,31,80-89
2000,87,21,80-89
2000,88,15,80-89
2000,89,12,80-89
2001,10,0,10-19
2001,11,0,10-19
2001,12,0,10-19
2001,13,2,10-19
2001,14,3,10-19
2001,15,4,10-19
2001,16,14,10-19
2001,17,47,10-19
2001,18,49,10-19
2001,19,66,10-19
2001,20,62,20-29
2001,21,70,20-29
2001,22,58,20-29
2001,23,61,20-29
2001,24,75,20-29
2001,25,83,20-29
2001,26,84,20-29
2001,27,87,20-29
2001,28,80,20-29
2001,29,115,20-29
2001,30,92,30-39
2001,31,118,30-39
2001,32,115,30-39
2001,33,120,30-39
2001,34,137,30-39
2001,35,124,30-39
2001,36,112,30-39
2001,37,105,30-39
2001,38,110,30-39
2001,39,118,30-39
2001,40,109,40-49
2001,41,103,40-49
2001,42,86,40-49
2001,43,95,40-49
2001,44,85,40-49
2001,45,94,40-49
2001,46,82,40-49
2001,47,91,40-49
2001,48,100,40-49
2001,49,96,40-49
2001,50,94,50-59
2001,51,95,50-59
2001,52,66,50-59
2001,53,94,50-59
2001,54,105,50-59
2001,55,88,50-59
2001,56,75,50-59
2001,57,79,50-59
2001,58,55,50-59
2001,59,57,50-59
2001,60,43,60-69
2001,61,56,60-69
2001,62,44,60-69
2001,63,47,60-69
2001,64,50,60-69
2001,65,34,60-69
2001,66,36,60-69
2001,67,40,60-69
2001,68,40,60-69
2001,69,35,60-69
2001,70,30,70-79
2001,71,44,70-79
2001,72,44,70-79
2001,73,43,70-79
2001,74,30,70-79
2001,75,37,70-79
2001,76,40,70-79
2001,77,39,70-79
2001,78,34,70-79
2001,79,28,70-79
2001,80,25,80-89
2001,81,24,80-89
2001,82,24,80-89
2001,83,20,80-89
2001,84,20,80-89
2001,85,25,80-89
2001,86,22,80-89
2001,87,20,80-89
2001,88,13,80-89
2001,89,7,80-89
2002,10,0,10-19
2002,11,0,10-19
2002,12,0,10-19
2002,13,2,10-19
2002,14,5,10-19
2002,15,12,10-19
2002,16,19,10-19
2002,17,30,10-19
2002,18,38,10-19
2002,19,53,10-19
2002,20,56,20-29
2002,21,56,20-29
2002,22,67,20-29
2002,23,76,20-29
2002,24,68,20-29
2002,25,79,20-29
2002,26,83,20-29
2002,27,81,20-29
2002,28,104,20-29
2002,29,112,20-29
2002,30,110,30-39
2002,31,100,30-39
2002,32,112,30-39
2002,33,118,30-39
2002,34,110,30-39
2002,35,117,30-39
2002,36,121,30-39
2002,37,143,30-39
2002,38,107,30-39
2002,39,106,30-39
2002,40,100,40-49
2002,41,111,40-49
2002,42,92,40-49
2002,43,120,40-49
2002,44,87,40-49
2002,45,94,40-49
2002,46,92,40-49
2002,47,87,40-49
2002,48,82,40-49
2002,49,89,40-49
2002,50,105,50-59
2002,51,76,50-59
2002,52,67,50-59
2002,53,83,50-59
2002,54,77,50-59
2002,55,80,50-59
2002,56,67,50-59
2002,57,69,50-59
2002,58,77,50-59
2002,59,59,50-59
2002,60,53,60-69
2002,61,40,60-69
2002,62,48,60-69
2002,63,43,60-69
2002,64,27,60-69
2002,65,41,60-69
2002,66,39,60-69
2002,67,42,60-69
2002,68,34,60-69
2002,69,44,60-69
2002,70,32,70-79
2002,71,41,70-79
2002,72,31,70-79
2002,73,33,70-79
2002,74,27,70-79
2002,75,20,70-79
2002,76,26,70-79
2002,77,32,70-79
2002,78,24,70-79
2002,79,34,70-79
2002,80,38,80-89
2002,81,32,80-89
2002,82,21,80-89
2002,83,10,80-89
2002,84,17,80-89
2002,85,25,80-89
2002,86,19,80-89
2002,87,17,80-89
2002,88,16,80-89
2002,89,12,80-89
2003,10,0,10-19
2003,11,0,10-19
2003,12,0,10-19
2003,13,1,10-19
2003,14,1,10-19
2003,15,8,10-19
2003,16,20,10-19
2003,17,31,10-19
2003,18,39,10-19
2003,19,44,10-19
2003,20,67,20-29
2003,21,57,20-29
2003,22,76,20-29
2003,23,90,20-29
2003,24,60,20-29
2003,25,73,20-29
2003,26,70,20-29
2003,27,73,20-29
2003,28,82,20-29
2003,29,99,20-29
2003,30,100,30-39
2003,31,106,30-39
2003,32,110,30-39
2003,33,110,30-39
2003,34,131,30-39
2003,35,109,30-39
2003,36,119,30-39
2003,37,111,30-39
2003,38,123,30-39
2003,39,128,30-39
2003,40,115,40-49
2003,41,107,40-49
2003,42,100,40-49
2003,43,118,40-49
2003,44,111,40-49
2003,45,93,40-49
2003,46,109,40-49
2003,47,77,40-49
2003,48,86,40-49
2003,49,80,40-49
2003,50,87,50-59
2003,51,69,50-59
2003,52,86,50-59
2003,53,69,50-59
2003,54,91,50-59
2003,55,93,50-59
2003,56,67,50-59
2003,57,57,50-59
2003,58,82,50-59
2003,59,61,50-59
2003,60,41,60-69
2003,61,47,60-69
2003,62,51,60-69
2003,63,52,60-69
2003,64,47,60-69
2003,65,33,60-69
2003,66,35,60-69
2003,67,35,60-69
2003,68,40,60-69
2003,69,26,60-69
2003,70,34,70-79
2003,71,35,70-79
2003,72,37,70-79
2003,73,39,70-79
2003,74,33,70-79
2003,75,41,70-79
2003,76,36,70-79
2003,77,27,70-79
2003,78,33,70-79
2003,79,38,70-79
2003,80,16,80-89
2003,81,37,80-89
2003,82,31,80-89
2003,83,24,80-89
2003,84,19,80-89
2003,85,10,80-89
2003,86,13,80-89
2003,87,13,80-89
2003,88,20,80-89
2003,89,8,80-89
2004,10,0,10-19
2004,11,0,10-19
2004,12,0,10-19
2004,13,2,10-19
2004,14,1,10-19
2004,15,9,10-19
2004,16,17,10-19
2004,17,29,10-19
2004,18,46,10-19
2004,19,59,10-19
2004,20,48,20-29
2004,21,61,20-29
2004,22,68,20-29
2004,23,67,20-29
2004,24,72,20-29
2004,25,77,20-29
2004,26,79,20-29
2004,27,75,20-29
2004,28,71,20-29
2004,29,92,20-29
2004,30,96,30-39
2004,31,84,30-39
2004,32,122,30-39
2004,33,100,30-39
2004,34,100,30-39
2004,35,100,30-39
2004,36,119,30-39
2004,37,124,30-39
2004,38,121,30-39
2004,39,132,30-39
2004,40,108,40-49
2004,41,103,40-49
2004,42,124,40-49
2004,43,105,40-49
2004,44,115,40-49
2004,45,94,40-49
2004,46,98,40-49
2004,47,102,40-49
2004,48,89,40-49
2004,49,78,40-49
2004,50,90,50-59
2004,51,88,50-59
2004,52,85,50-59
2004,53,85,50-59
2004,54,80,50-59
2004,55,78,50-59
2004,56,84,50-59
2004,57,90,50-59
2004,58,60,50-59
2004,59,62,50-59
2004,60,49,60-69
2004,61,63,60-69
2004,62,41,60-69
2004,63,32,60-69
2004,64,49,60-69
2004,65,43,60-69
2004,66,50,60-69
2004,67,43,60-69
2004,68,38,60-69
2004,69,52,60-69
2004,70,35,70-79
2004,71,35,70-79
2004,72,40,70-79
2004,73,27,70-79
2004,74,33,70-79
2004,75,30,70-79
2004,76,26,70-79
2004,77,45,70-79
2004,78,29,70-79
2004,79,35,70-79
2004,80,22,80-89
2004,81,34,80-89
2004,82,31,80-89
2004,83,37,80-89
2004,84,26,80-89
2004,85,19,80-89
2004,86,12,80-89
2004,87,22,80-89
2004,88,15,80-89
2004,89,14,80-89
2005,10,0,10-19
2005,11,0,10-19
2005,12,0,10-19
2005,13,2,10-19
2005,14,1,10-19
2005,15,7,10-19
2005,16,22,10-19
2005,17,24,10-19
2005,18,44,10-19
2005,19,48,10-19
2005,20,52,20-29
2005,21,55,20-29
2005,22,59,20-29
2005,23,73,20-29
2005,24,61,20-29
2005,25,61,20-29
2005,26,81,20-29
2005,27,65,20-29
2005,28,63,20-29
2005,29,72,20-29
2005,30,98,30-39
2005,31,85,30-39
2005,32,97,30-39
2005,33,100,30-39
2005,34,108,30-39
2005,35,114,30-39
2005,36,111,30-39
2005,37,120,30-39
2005,38,112,30-39
2005,39,119,30-39
2005,40,101,40-49
2005,41,112,40-49
2005,42,108,40-49
2005,43,122,40-49
2005,44,112,40-49
2005,45,99,40-49
2005,46,102,40-49
2005,47,88,40-49
2005,48,109,40-49
2005,49,112,40-49
2005,50,100,50-59
2005,51,73,50-59
2005,52,99,50-59
2005,53,87,50-59
2005,54,61,50-59
2005,55,81,50-59
2005,56,65,50-59
2005,57,91,50-59
2005,58,79,50-59
2005,59,60,50-59
2005,60,58,60-69
2005,61,66,60-69
2005,62,44,60-69
2005,63,46,60-69
2005,64,43,60-69
2005,65,41,60-69
2005,66,38,60-69
2005,67,40,60-69
2005,68,32,60-69
2005,69,35,60-69
2005,70,24,70-79
2005,71,39,70-79
2005,72,35,70-79
2005,73,32,70-79
2005,74,22,70-79
2005,75,33,70-79
2005,76,27,70-79
2005,77,20,70-79
2005,78,22,70-79
2005,79,20,70-79
2005,80,37,80-89
2005,81,26,80-89
2005,82,21,80-89
2005,83,23,80-89
2005,84,31,80-89
2005,85,21,80-89
2005,86,24,80-89
2005,87,16,80-89
2005,88,12,80-89
2005,89,11,80-89
2006,10,0,10-19
2006,11,0,10-19
2006,12,0,10-19
2006,13,3,10-19
2006,14,0,10-19
2006,15,8,10-19
2006,16,14,10-19
2006,17,32,10-19
2006,18,30,10-19
2006,19,37,10-19
2006,20,49,20-29
2006,21,56,20-29
2006,22,64,20-29
2006,23,55,20-29
2006,24,54,20-29
2006,25,73,20-29
2006,26,63,20-29
2006,27,73,20-29
2006,28,64,20-29
2006,29,61,20-29
2006,30,64,30-39
2006,31,92,30-39
2006,32,82,30-39
2006,33,83,30-39
2006,34,93,30-39
2006,35,96,30-39
2006,36,108,30-39
2006,37,105,30-39
2006,38,120,30-39
2006,39,115,30-39
2006,40,104,40-49
2006,41,109,40-49
2006,42,113,40-49
2006,43,109,40-49
2006,44,87,40-49
2006,45,122,40-49
2006,46,95,40-49
2006,47,99,40-49
2006,48,84,40-49
2006,49,81,40-49
2006,50,79,50-59
2006,51,70,50-59
2006,52,81,50-59
2006,53,98,50-59
2006,54,84,50-59
2006,55,88,50-59
2006,56,83,50-59
2006,57,88,50-59
2006,58,83,50-59
2006,59,72,50-59
2006,60,56,60-69
2006,61,55,60-69
2006,62,55,60-69
2006,63,61,60-69
2006,64,51,60-69
2006,65,37,60-69
2006,66,44,60-69
2006,67,31,60-69
2006,68,47,60-69
2006,69,33,60-69
2006,70,31,70-79
2006,71,35,70-79
2006,72,31,70-79
2006,73,23,70-79
2006,74,28,70-79
2006,75,29,70-79
2006,76,38,70-79
2006,77,32,70-79
2006,78,20,70-79
2006,79,19,70-79
2006,80,23,80-89
2006,81,19,80-89
2006,82,23,80-89
2006,83,26,80-89
2006,84,27,80-89
2006,85,29,80-89
2006,86,15,80-89
2006,87,11,80-89
2006,88,9,80-89
2006,89,8,80-89
2007,10,0,10-19
2007,11,0,10-19
2007,12,0,10-19
2007,13,3,10-19
2007,14,4,10-19
2007,15,12,10-19
2007,16,20,10-19
2007,17,22,10-19
2007,18,33,10-19
2007,19,41,10-19
2007,20,48,20-29
2007,21,54,20-29
2007,22,57,20-29
2007,23,49,20-29
2007,24,59,20-29
2007,25,56,20-29
2007,26,72,20-29
2007,27,58,20-29
2007,28,74,20-29
2007,29,64,20-29
2007,30,77,30-39
2007,31,84,30-39
2007,32,87,30-39
2007,33,100,30-39
2007,34,85,30-39
2007,35,86,30-39
2007,36,113,30-39
2007,37,103,30-39
2007,38,106,30-39
2007,39,114,30-39
2007,40,112,40-49
2007,41,104,40-49
2007,42,107,40-49
2007,43,90,40-49
2007,44,111,40-49
2007,45,80,40-49
2007,46,90,40-49
2007,47,101,40-49
2007,48,85,40-49
2007,49,79,40-49
2007,50,76,50-59
2007,51,81,50-59
2007,52,74,50-59
2007,53,79,50-59
2007,54,72,50-59
2007,55,61,50-59
2007,56,79,50-59
2007,57,68,50-59
2007,58,75,50-59
2007,59,68,50-59
2007,60,53,60-69
2007,61,49,60-69
2007,62,65,60-69
2007,63,62,60-69
2007,64,46,60-69
2007,65,36,60-69
2007,66,29,60-69
2007,67,32,60-69
2007,68,43,60-69
2007,69,39,60-69
2007,70,21,70-79
2007,71,24,70-79
2007,72,28,70-79
2007,73,27,70-79
2007,74,27,70-79
2007,75,24,70-79
2007,76,32,70-79
2007,77,22,70-79
2007,78,26,70-79
2007,79,27,70-79
2007,80,27,80-89
2007,81,25,80-89
2007,82,33,80-89
2007,83,25,80-89
2007,84,17,80-89
2007,85,19,80-89
2007,86,21,80-89
2007,87,14,80-89
2007,88,10,80-89
2007,89,10,80-89
2008,10,1,10-19
2008,11,0,10-19
2008,12,2,10-19
2008,13,3,10-19
2008,14,2,10-19
2008,15,9,10-19
2008,16,14,10-19
2008,17,29,10-19
2008,18,34,10-19
2008,19,44,10-19
2008,20,62,20-29
2008,21,58,20-29
2008,22,59,20-29
2008,23,63,20-29
2008,24,80,20-29
2008,25,72,20-29
2008,26,74,20-29
2008,27,75,20-29
2008,28,71,20-29
2008,29,82,20-29
2008,30,75,30-39
2008,31,77,30-39
2008,32,87,30-39
2008,33,86,30-39
2008,34,86,30-39
2008,35,97,30-39
2008,36,106,30-39
2008,37,97,30-39
2008,38,106,30-39
2008,39,114,30-39
2008,40,104,40-49
2008,41,123,40-49
2008,42,117,40-49
2008,43,133,40-49
2008,44,112,40-49
2008,45,103,40-49
2008,46,96,40-49
2008,47,109,40-49
2008,48,88,40-49
2008,49,89,40-49
2008,50,102,50-59
2008,51,101,50-59
2008,52,64,50-59
2008,53,72,50-59
2008,54,90,50-59
2008,55,90,50-59
2008,56,62,50-59
2008,57,71,50-59
2008,58,69,50-59
2008,59,73,50-59
2008,60,70,60-69
2008,61,62,60-69
2008,62,44,60-69
2008,63,53,60-69
2008,64,51,60-69
2008,65,43,60-69
2008,66,38,60-69
2008,67,24,60-69
2008,68,41,60-69
2008,69,34,60-69
2008,70,32,70-79
2008,71,33,70-79
2008,72,32,70-79
2008,73,31,70-79
2008,74,30,70-79
2008,75,33,70-79
2008,76,24,70-79
2008,77,20,70-79
2008,78,23,70-79
2008,79,22,70-79
2008,80,25,80-89
2008,81,27,80-89
2008,82,25,80-89
2008,83,21,80-89
2008,84,26,80-89
2008,85,12,80-89
2008,86,27,80-89
2008,87,12,80-89
2008,88,7,80-89
2008,89,7,80-89
2009,10,0,10-19
2009,11,0,10-19
2009,12,0,10-19
2009,13,1,10-19
2009,14,1,10-19
2009,15,11,10-19
2009,16,16,10-19
2009,17,20,10-19
2009,18,37,10-19
2009,19,48,10-19
2009,20,51,20-29
2009,21,58,20-29
2009,22,52,20-29
2009,23,70,20-29
2009,24,69,20-29
2009,25,74,20-29
2009,26,82,20-29
2009,27,85,20-29
2009,28,97,20-29
2009,29,75,20-29
2009,30,83,30-39
2009,31,44,30-39
2009,32,62,30-39
2009,33,73,30-39
2009,34,92,30-39
2009,35,112,30-39
2009,36,87,30-39
2009,37,107,30-39
2009,38,114,30-39
2009,39,124,30-39
2009,40,125,40-49
2009,41,121,40-49
2009,42,112,40-49
2009,43,126,40-49
2009,44,108,40-49
2009,45,119,40-49
2009,46,117,40-49
2009,47,110,40-49
2009,48,102,40-49
2009,49,83,40-49
2009,50,96,50-59
2009,51,89,50-59
2009,52,85,50-59
2009,53,89,50-59
2009,54,79,50-59
2009,55,93,50-59
2009,56,80,50-59
2009,57,74,50-59
2009,58,73,50-59
2009,59,57,50-59
2009,60,65,60-69
2009,61,58,60-69
2009,62,65,60-69
2009,63,51,60-69
2009,64,50,60-69
2009,65,42,60-69
2009,66,39,60-69
2009,67,33,60-69
2009,68,31,60-69
2009,69,41,60-69
2009,70,27,70-79
2009,71,35,70-79
2009,72,30,70-79
2009,73,24,70-79
2009,74,32,70-79
2009,75,35,70-79
2009,76,23,70-79
2009,77,25,70-79
2009,78,31,70-79
2009,79,24,70-79
2009,80,29,80-89
2009,81,24,80-89
2009,82,24,80-89
2009,83,29,80-89
2009,84,16,80-89
2009,85,15,80-89
2009,86,15,80-89
2009,87,19,80-89
2009,88,12,80-89
2009,89,15,80-89
2010,10,0,10-19
2010,11,0,10-19
2010,12,0,10-19
2010,13,1,10-19
2010,14,1,10-19
2010,15,9,10-19
2010,16,12,10-19
2010,17,20,10-19
2010,18,33,10-19
2010,19,36,10-19
2010,20,49,20-29
2010,21,70,20-29
2010,22,56,20-29
2010,23,76,20-29
2010,24,69,20-29
2010,25,61,20-29
2010,26,55,20-29
2010,27,54,20-29
2010,28,63,20-29
2010,29,78,20-29
2010,30,71,30-39
2010,31,69,30-39
2010,32,78,30-39
2010,33,70,30-39
2010,34,81,30-39
2010,35,77,30-39
2010,36,86,30-39
2010,37,103,30-39
2010,38,108,30-39
2010,39,108,30-39
2010,40,106,40-49
2010,41,105,40-49
2010,42,105,40-49
2010,43,120,40-49
2010,44,113,40-49
2010,45,110,40-49
2010,46,107,40-49
2010,47,90,40-49
2010,48,104,40-49
2010,49,106,40-49
2010,50,97,50-59
2010,51,82,50-59
2010,52,109,50-59
2010,53,72,50-59
2010,54,89,50-59
2010,55,67,50-59
2010,56,89,50-59
2010,57,77,50-59
2010,58,77,50-59
2010,59,70,50-59
2010,60,76,60-69
2010,61,73,60-69
2010,62,60,60-69
2010,63,66,60-69
2010,64,53,60-69
2010,65,34,60-69
2010,66,44,60-69
2010,67,34,60-69
2010,68,42,60-69
2010,69,27,60-69
2010,70,25,70-79
2010,71,33,70-79
2010,72,30,70-79
2010,73,29,70-79
2010,74,38,70-79
2010,75,27,70-79
2010,76,20,70-79
2010,77,24,70-79
2010,78,29,70-79
2010,79,34,70-79
2010,80,16,80-89
2010,81,35,80-89
2010,82,23,80-89
2010,83,26,80-89
2010,84,22,80-89
2010,85,17,80-89
2010,86,12,80-89
2010,87,19,80-89
2010,88,9,80-89
2010,89,10,80-89
2011,10,0,10-19
2011,11,0,10-19
2011,12,2,10-19
2011,13,4,10-19
2011,14,3,10-19
2011,15,9,10-19
2011,16,15,10-19
2011,17,24,10-19
2011,18,43,10-19
2011,19,50,10-19
2011,20,56,20-29
2011,21,75,20-29
2011,22,79,20-29
2011,23,57,20-29
2011,24,59,20-29
2011,25,79,20-29
2011,26,60,20-29
2011,27,68,20-29
2011,28,74,20-29
2011,29,77,20-29
2011,30,81,30-39
2011,31,85,30-39
2011,32,69,30-39
2011,33,68,30-39
2011,34,77,30-39
2011,35,79,30-39
2011,36,77,30-39
2011,37,115,30-39
2011,38,115,30-39
2011,39,100,30-39
2011,40,109,40-49
2011,41,123,40-49
2011,42,131,40-49
2011,43,119,40-49
2011,44,147,40-49
2011,45,128,40-49
2011,46,121,40-49
2011,47,112,40-49
2011,48,107,40-49
2011,49,119,40-49
2011,50,104,50-59
2011,51,116,50-59
2011,52,118,50-59
2011,53,102,50-59
2011,54,104,50-59
2011,55,90,50-59
2011,56,88,50-59
2011,57,70,50-59
2011,58,71,50-59
2011,59,54,50-59
2011,60,63,60-69
2011,61,55,60-69
2011,62,62,60-69
2011,63,57,60-69
2011,64,72,60-69
2011,65,35,60-69
2011,66,49,60-69
2011,67,48,60-69
2011,68,36,60-69
2011,69,27,60-69
2011,70,42,70-79
2011,71,28,70-79
2011,72,29,70-79
2011,73,36,70-79
2011,74,37,70-79
2011,75,28,70-79
2011,76,27,70-79
2011,77,23,70-79
2011,78,22,70-79
2011,79,32,70-79
2011,80,30,80-89
2011,81,26,80-89
2011,82,24,80-89
2011,83,19,80-89
2011,84,22,80-89
2011,85,9,80-89
2011,86,12,80-89
2011,87,21,80-89
2011,88,21,80-89
2011,89,18,80-89
2012,10,0,10-19
2012,11,1,10-19
2012,12,1,10-19
2012,13,2,10-19
2012,14,2,10-19
2012,15,5,10-19
2012,16,16,10-19
2012,17,23,10-19
2012,18,44,10-19
2012,19,37,10-19
2012,20,68,20-29
2012,21,57,20-29
2012,22,59,20-29
2012,23,76,20-29
2012,24,65,20-29
2012,25,71,20-29
2012,26,64,20-29
2012,27,69,20-29
2012,28,90,20-29
2012,29,93,20-29
2012,30,84,30-39
2012,31,94,30-39
2012,32,76,30-39
2012,33,74,30-39
2012,34,83,30-39
2012,35,90,30-39
2012,36,77,30-39
2012,37,98,30-39
2012,38,94,30-39
2012,39,106,30-39
2012,40,135,40-49
2012,41,116,40-49
2012,42,107,40-49
2012,43,128,40-49
2012,44,119,40-49
2012,45,135,40-49
2012,46,137,40-49
2012,47,130,40-49
2012,48,126,40-49
2012,49,107,40-49
2012,50,113,50-59
2012,51,104,50-59
2012,52,98,50-59
2012,53,105,50-59
2012,54,109,50-59
2012,55,109,50-59
2012,56,73,50-59
2012,57,83,50-59
2012,58,72,50-59
2012,59,59,50-59
2012,60,63,60-69
2012,61,62,60-69
2012,62,56,60-69
2012,63,54,60-69
2012,64,51,60-69
2012,65,62,60-69
2012,66,46,60-69
2012,67,43,60-69
2012,68,35,60-69
2012,69,31,60-69
2012,70,29,70-79
2012,71,22,70-79
2012,72,30,70-79
2012,73,35,70-79
2012,74,30,70-79
2012,75,23,70-79
2012,76,30,70-79
2012,77,24,70-79
2012,78,22,70-79
2012,79,21,70-79
2012,80,30,80-89
2012,81,25,80-89
2012,82,18,80-89
2012,83,18,80-89
2012,84,20,80-89
2012,85,16,80-89
2012,86,25,80-89
2012,87,14,80-89
2012,88,18,80-89
2012,89,6,80-89
2013,10,0,10-19
2013,11,0,10-19
2013,12,0,10-19
2013,13,0,10-19
2013,14,5,10-19
2013,15,10,10-19
2013,16,20,10-19
2013,17,23,10-19
2013,18,33,10-19
2013,19,49,10-19
2013,20,58,20-29
2013,21,56,20-29
2013,22,53,20-29
2013,23,79,20-29
2013,24,73,20-29
2013,25,74,20-29
2013,26,61,20-29
2013,27,67,20-29
2013,28,64,20-29
2013,29,69,20-29
2013,30,87,30-39
2013,31,85,30-39
2013,32,85,30-39
2013,33,84,30-39
2013,34,74,30-39
2013,35,73,30-39
2013,36,102,30-39
2013,37,98,30-39
2013,38,86,30-39
2013,39,131,30-39
2013,40,106,40-49
2013,41,115,40-49
2013,42,116,40-49
2013,43,135,40-49
2013,44,141,40-49
2013,45,133,40-49
2013,46,127,40-49
2013,47,113,40-49
2013,48,130,40-49
2013,49,148,40-49
2013,50,125,50-59
2013,51,115,50-59
2013,52,109,50-59
2013,53,97,50-59
2013,54,122,50-59
2013,55,86,50-59
2013,56,97,50-59
2013,57,95,50-59
2013,58,86,50-59
2013,59,95,50-59
2013,60,66,60-69
2013,61,72,60-69
2013,62,66,60-69
2013,63,58,60-69
2013,64,70,60-69
2013,65,50,60-69
2013,66,56,60-69
2013,67,41,60-69
2013,68,38,60-69
2013,69,49,60-69
2013,70,38,70-79
2013,71,34,70-79
2013,72,27,70-79
2013,73,41,70-79
2013,74,32,70-79
2013,75,34,70-79
2013,76,30,70-79
2013,77,28,70-79
2013,78,22,70-79
2013,79,28,70-79
2013,80,22,80-89
2013,81,27,80-89
2013,82,18,80-89
2013,83,28,80-89
2013,84,30,80-89
2013,85,27,80-89
2013,86,15,80-89
2013,87,18,80-89
2013,88,19,80-89
2013,89,18,80-89
2014,10,0,10-19
2014,11,0,10-19
2014,12,0,10-19
2014,13,0,10-19
2014,14,7,10-19
2014,15,21,10-19
2014,16,23,10-19
2014,17,31,10-19
2014,18,27,10-19
2014,19,54,10-19
2014,20,55,20-29
2014,21,50,20-29
2014,22,70,20-29
2014,23,78,20-29
2014,24,67,20-29
2014,25,62,20-29
2014,26,80,20-29
2014,27,74,20-29
2014,28,90,20-29
2014,29,70,20-29
2014,30,84,30-39
2014,31,78,30-39
2014,32,80,30-39
2014,33,76,30-39
2014,34,96,30-39
2014,35,88,30-39
2014,36,77,30-39
2014,37,73,30-39
2014,38,95,30-39
2014,39,91,30-39
2014,40,119,40-49
2014,41,122,40-49
2014,42,111,40-49
2014,43,125,40-49
2014,44,120,40-49
2014,45,131,40-49
2014,46,118,40-49
2014,47,125,40-49
2014,48,127,40-49
2014,49,153,40-49
2014,50,150,50-59
2014,51,121,50-59
2014,52,111,50-59
2014,53,126,50-59
2014,54,114,50-59
2014,55,91,50-59
2014,56,91,50-59
2014,57,78,50-59
2014,58,78,50-59
2014,59,87,50-59
2014,60,72,60-69
2014,61,65,60-69
2014,62,59,60-69
2014,63,44,60-69
2014,64,66,60-69
2014,65,42,60-69
2014,66,71,60-69
2014,67,54,60-69
2014,68,35,60-69
2014,69,51,60-69
2014,70,46,70-79
2014,71,51,70-79
2014,72,41,70-79
2014,73,26,70-79
2014,74,30,70-79
2014,75,33,70-79
2014,76,35,70-79
2014,77,32,70-79
2014,78,27,70-79
2014,79,25,70-79
2014,80,30,80-89
2014,81,32,80-89
2014,82,21,80-89
2014,83,16,80-89
2014,84,26,80-89
2014,85,27,80-89
2014,86,21,80-89
2014,87,15,80-89
2014,88,19,80-89
2014,89,9,80-89
2015,10,0,10-19
2015,11,0,10-19
2015,12,1,10-19
2015,13,3,10-19
2015,14,5,10-19
2015,15,21,10-19
2015,16,19,10-19
2015,17,39,10-19
2015,18,46,10-19
2015,19,61,10-19
2015,20,55,20-29
2015,21,66,20-29
2015,22,66,20-29
2015,23,81,20-29
2015,24,71,20-29
2015,25,73,20-29
2015,26,78,20-29
2015,27,63,20-29
2015,28,80,20-29
2015,29,90,20-29
2015,30,82,30-39
2015,31,73,30-39
2015,32,109,30-39
2015,33,95,30-39
2015,34,82,30-39
2015,35,85,30-39
2015,36,92,30-39
2015,37,80,30-39
2015,38,82,30-39
2015,39,95,30-39
2015,40,92,40-49
2015,41,102,40-49
2015,42,108,40-49
2015,43,95,40-49
2015,44,133,40-49
2015,45,111,40-49
2015,46,119,40-49
2015,47,126,40-49
2015,48,128,40-49
2015,49,117,40-49
2015,50,129,50-59
2015,51,126,50-59
2015,52,99,50-59
2015,53,108,50-59
2015,54,115,50-59
2015,55,111,50-59
2015,56,102,50-59
2015,57,98,50-59
2015,58,88,50-59
2015,59,67,50-59
2015,60,85,60-69
2015,61,73,60-69
2015,62,59,60-69
2015,63,61,60-69
2015,64,61,60-69
2015,65,60,60-69
2015,66,50,60-69
2015,67,67,60-69
2015,68,52,60-69
2015,69,40,60-69
2015,70,41,70-79
2015,71,48,70-79
2015,72,36,70-79
2015,73,40,70-79
2015,74,27,70-79
2015,75,32,70-79
2015,76,33,70-79
2015,77,29,70-79
2015,78,27,70-79
2015,79,27,70-79
2015,80,33,80-89
2015,81,27,80-89
2015,82,23,80-89
2015,83,31,80-89
2015,84,20,80-89
2015,85,18,80-89
2015,86,29,80-89
2015,87,16,80-89
2015,88,13,80-89
2015,89,12,80-89
2016,10,0,10-19
2016,11,0,10-19
2016,12,0,10-19
2016,13,0,10-19
2016,14,2,10-19
2016,15,10,10-19
2016,16,26,10-19
2016,17,29,10-19
2016,18,49,10-19
2016,19,46,10-19
2016,20,53,20-29
2016,21,72,20-29
2016,22,76,20-29
2016,23,66,20-29
2016,24,91,20-29
2016,25,76,20-29
2016,26,82,20-29
2016,27,71,20-29
2016,28,77,20-29
2016,29,84,20-29
2016,30,97,30-39
2016,31,87,30-39
2016,32,87,30-39
2016,33,74,30-39
2016,34,85,30-39
2016,35,83,30-39
2016,36,85,30-39
2016,37,86,30-39
2016,38,75,30-39
2016,39,81,30-39
2016,40,100,40-49
2016,41,97,40-49
2016,42,80,40-49
2016,43,112,40-49
2016,44,138,40-49
2016,45,113,40-49
2016,46,115,40-49
2016,47,123,40-49
2016,48,109,40-49
2016,49,107,40-49
2016,50,114,50-59
2016,51,124,50-59
2016,52,135,50-59
2016,53,114,50-59
2016,54,91,50-59
2016,55,100,50-59
2016,56,104,50-59
2016,57,81,50-59
2016,58,83,50-59
2016,59,87,50-59
2016,60,62,60-69
2016,61,63,60-69
2016,62,70,60-69
2016,63,48,60-69
2016,64,42,60-69
2016,65,53,60-69
2016,66,49,60-69
2016,67,53,60-69
2016,68,53,60-69
2016,69,38,60-69
2016,70,38,70-79
2016,71,32,70-79
2016,72,36,70-79
2016,73,32,70-79
2016,74,26,70-79
2016,75,26,70-79
2016,76,22,70-79
2016,77,28,70-79
2016,78,19,70-79
2016,79,22,70-79
2016,80,21,80-89
2016,81,25,80-89
2016,82,26,80-89
2016,83,23,80-89
2016,84,23,80-89
2016,85,16,80-89
2016,86,19,80-89
2016,87,18,80-89
2016,88,11,80-89
2016,89,12,80-89
2017,10,0,10-19
2017,11,0,10-19
2017,12,0,10-19
2017,13,4,10-19
2017,14,6,10-19
2017,15,13,10-19
2017,16,26,10-19
2017,17,26,10-19
2017,18,44,10-19
2017,19,68,10-19
2017,20,52,20-29
2017,21,48,20-29
2017,22,65,20-29
2017,23,62,20-29
2017,24,63,20-29
2017,25,74,20-29
2017,26,74,20-29
2017,27,86,20-29
2017,28,75,20-29
2017,29,78,20-29
2017,30,78,30-39
2017,31,73,30-39
2017,32,91,30-39
2017,33,101,30-39
2017,34,76,30-39
2017,35,78,30-39
2017,36,97,30-39
2017,37,84,30-39
2017,38,79,30-39
2017,39,81,30-39
2017,40,74,40-49
2017,41,107,40-49
2017,42,92,40-49
2017,43,114,40-49
2017,44,91,40-49
2017,45,123,40-49
2017,46,115,40-49
2017,47,120,40-49
2017,48,114,40-49
2017,49,126,40-49
2017,50,94,50-59
2017,51,123,50-59
2017,52,108,50-59
2017,53,104,50-59
2017,54,108,50-59
2017,55,96,50-59
2017,56,80,50-59
2017,57,103,50-59
2017,58,83,50-59
2017,59,58,50-59
2017,60,69,60-69
2017,61,63,60-69
2017,62,54,60-69
2017,63,63,60-69
2017,64,47,60-69
2017,65,54,60-69
2017,66,55,60-69
2017,67,48,60-69
2017,68,48,60-69
2017,69,41,60-69
2017,70,45,70-79
2017,71,39,70-79
2017,72,34,70-79
2017,73,43,70-79
2017,74,24,70-79
2017,75,37,70-79
2017,76,30,70-79
2017,77,27,70-79
2017,78,33,70-79
2017,79,23,70-79
2017,80,21,80-89
2017,81,12,80-89
2017,82,25,80-89
2017,83,19,80-89
2017,84,15,80-89
2017,85,18,80-89
2017,86,23,80-89
2017,87,14,80-89
2017,88,17,80-89
2017,89,18,80-89
